ARTISTID,ARTISTNAME,ARTISTHOTNESS
ARRH63Y1187FB47783,Kanye West,1.0825026
ARF8HTQ1187B9AE693,Daft Punk,1.0212556
ARTDQRC1187FB4EFD4,Black Eyed Peas,1.005942
ARS54I31187FB46721,Taylor Swift,0.92241246
ARJ7KF01187B98D717,Coldplay,0.91605324
ARKU3Z61187FB51DCA,Rihanna,0.90820265
ARTH9041187FB43E1F,Eminem,0.87923676
ARBS1OC1187FB44CAF,T.I.,0.8728389
ARS54I31187FB46721,Taylor Swift,0.87244725
ARPDVPJ1187B9ADBE9,Usher,0.8546378
ARXOTQH1187FB57084,Chris Brown,0.85218626
ARPDVPJ1187B9ADBE9,Usher,0.8512339
ARUDYKB11F4C83C269,Lil Wayne,0.8434308
ARF5M7Q1187FB501E8,Maroon 5,0.8433803
AR6XZ861187FB4CECD,The Beatles,0.8404627
ARX6TAQ11C8A415850,Lady GaGa,0.83844775
AR91C8S1187B990901,Bruce Springsteen,0.83809555
ARF2EHS1187B994F4E,Kings Of Leon,0.83771473
ARXOTQH1187FB57084,Chris Brown,0.8303568
ARVG4OK1187B9B6BD3,The Killers,0.8289063
ARCGJ6U1187FB4D01F,Akon,0.82677704
ARUJ5A41187FB3F5F1,U2,0.8256391
AR52EZT1187B9900BF,Alicia Keys,0.8216485
ARVG4OK1187B9B6BD3,Killers,0.8195883
ARLGIX31187B9AE9A0,R. Kelly & Jay Z,0.8156815
ARV3CRH1187B9A1B21,Green Day,0.8123078
ARXPPEY1187FB51DF4,Michael Jackson,0.80850214
ARTH9041187FB43E1F,Eminem,0.80483043
AR6PJ8R1187FB5AD70,Shakira,0.8042198
ARW7K0P1187B9B5B47,Barenaked Ladies,0.79427075
ARDCFNZ1187FB3DDB0,Enrique Iglesias,0.79424816
ARML3X41187FB35F2E,Jason Mraz,0.7934126
ARR3ONV1187B9A2F59,Muse,0.791501
ARQUMH41187B9AF699,Linkin Park,0.791143
ARF2EHS1187B994F4E,Kings Of Leon,0.78880596
ARZENOX1187B98A645,John Mayer,0.78813773
ARZENOX1187B98A645,John Mayer,0.7876794
ARKSZW81187B9B695D,Mariah Carey,0.7870055
ARLGIX31187B9AE9A0,Jay-Z,0.78141236
ART5MUE1187B98C961,Metallica,0.7803341
ARPAAHK1187B9ABB00,Nickelback,0.779968
ARQUMH41187B9AF699,Linkin Park,0.77911866
AR52EZT1187B9900BF,Alicia Keys,0.7786736
ARDVZTE1187FB5A0A1,Bon Jovi,0.7763033
AR633SY1187B9AC3B9,Weezer,0.77616775
ARFCUN31187B9AD578,The Rolling Stones,0.77603763
ARBAW9R1187B98FB6B,Natasha Bedingfield,0.7696743
ARXPPEY1187FB51DF4,Michael Jackson,0.7665455
ARKR75V1187FB3D4D5,My Chemical Romance,0.76607615
ARML3X41187FB35F2E,Jason Mraz,0.7553348
ARGVJPK1187B9909EA,Josh Groban,0.7551499
ARDCFNZ1187FB3DDB0,Enrique Iglesias,0.7529279
ARVXU2X1187B9AE6D8,Evanescence,0.75279444
ARR3ONV1187B9A2F59,Muse,0.75042653
ARUJ5A41187FB3F5F1,U2,0.7503115
ARDCFNZ1187FB3DDB0,Enrique Iglesias,0.7490624
ARZENOX1187B98A645,John Mayer,0.7403735
AR0S7TA1187FB4D024,Christina Aguilera,0.7378841
ARFCUN31187B9AD578,The Rolling Stones,0.7357657
ARH861H1187B9B799E,Johnny Cash,0.73520887
ART5MUE1187B98C961,Metallica,0.7261744
AR0S7TA1187FB4D024,Christina Aguilera,0.7257461
ARDVZTE1187FB5A0A1,Bon Jovi,0.71889144
AR6PJ8R1187FB5AD70,Shakira,0.7172099
ARM7EDF1187B9B3FA1,Guns N' Roses,0.71366984
ARKQQZA12086C116FC,B.o.B,0.71253496
ARUTEVU1187B9ACAF9,Lifehouse,0.7108791
ARVXU2X1187B9AE6D8,Evanescence,0.70575756
ARNNM56119B86686EA,Luke Bryan,0.70259476
ARNAIMI1187FB5733C,Rick Ross,0.70140475
ARZWK2R1187B98F09F,Rise Against,0.6961611
ARC8CQZ1187B98DECA,Jack Johnson,0.6941285
AR0WLH6119B8669027,Owl City,0.6935247
ARJGIOD1187B9AE920,Kelly Clarkson,0.6844788
ARH6W4X1187B99274F,Radiohead,0.68365806
AR6PJ8R1187FB5AD70,Shakira Featuring Wyclef Jean,0.6822632
AR16GSC1187B9A6291,Eagles,0.68198776
ARC8CQZ1187B98DECA,Jack Johnson,0.6774825
ARRBF3M1187FB4D59F,30 Seconds To Mars,0.67708755
ARH6W4X1187B99274F,Radiohead,0.675887
AR190KO1187B9905EC,Sick Puppies,0.67511773
AR20CFC1187B98A25D,Ray Charles,0.6732073
ARN5NHX1187FB4F755,The Smashing Pumpkins,0.6703838
ARVNGA71187FB3C107,Faith Hill,0.6701062
ARVN9FZ1187FB393F1,SNOWPATROL,0.6672946
ARBEOHF1187B9B044D,Madonna,0.66557664
ARFWL8S1187B9B4B44,Céline Dion,0.66368645
AR9LJ9D1187FB4303D,Sean Kingston,0.6628763
ARH3S5S1187FB4F76B,Nirvana,0.6613829
AR4EQ231187B99368F,The Fray,0.66134936
AR4OU721187FB4549D,Paramore,0.6589248
ARQXC7V1187FB4DA9E,DAVE MATTHEWS BAND,0.65758383
ARBEOHF1187B9B044D,Madonna,0.6552838
ARVV61U1187FB4FC32,The Temper Trap,0.6549145
AR8V1WA1187B9AD9E9,The White Stripes,0.6538972
ARNLE621187B98ECB5,Mannheim Steamroller,0.65351295
ARQRQRA12131B4B5A8,Cake,0.6506659
ARN5NHX1187FB4F755,The Smashing Pumpkins,0.6472247
ARNLE621187B98ECB5,Mannheim Steamroller,0.64620733
ARAXU5Z1187B98FECD,Gorillaz,0.6458723
ARC8CQZ1187B98DECA,Jack Johnson,0.6430723
ARW1MUW1187FB4D5A1,3 Doors Down,0.64298224
ARIPLUN1187B99B9F9,The Police,0.64265597
AR6J3X81187FB59A7B,Margaret Becker,0.63979816
ARD4C1I1187FB4B0C3,Big One,0.63890636
ARQXC7V1187FB4DA9E,DAVE MATTHEWS BAND,0.638588
ARKZ13R1187FB54FEE,Josh Turner,0.63730234
ARDIBRT1187B9AF176,Led Zeppelin,0.6344124
ARH2QI91187FB3788D,David Guetta - Joachim Garraud - Chris Willis,0.6334098
AR5FP401187FB523C9,Bob Dylan,0.6333399
AR03BDP1187FB5B324,Britney Spears,0.6312895
AR16GSC1187B9A6291,Eagles,0.6295148
ARF3GX71187FB3EB66,Martina McBride,0.6282464
ARSF0K11187B9AF319,James Taylor,0.62822837
ARB054P1187B9AD32E,Santana,0.6277651
AR048JZ1187B9AEB85,Yellowcard,0.6274673
ARO4WQR1187B9B9825,Kenny Rogers,0.6254284
ARZWK2R1187B98F09F,Rise Against,0.62508047
ARIFGKC1187B9B04D5,Dean Martin,0.62397027
ARR6LWJ1187FB44C8B,R.E.M.,0.6238352
ARNZ70R1187B9A4824,Joe Satriani,0.62220895
ARW9FP41187B98C2A7,Annie Lennox,0.6210852
ARY53RR1187B9AE485,Avril Lavigne,0.6203098
ARVSQHB1187B992FF0,Drowning Pool,0.6200087
ARO4WQR1187B9B9825,Kenny Rogers,0.61999595
AR65K7A1187FB4DAA4,Beyoncé,0.61943144
AR46CAD1187FB4D84B,Bad Religion,0.61821914
ARIPLUN1187B99B9F9,The Police,0.61545444
ARR1R5V1187FB4D234,The All American Rejects,0.61497396
ARM7C1Q1187FB471C8,Bullet For My Valentine,0.6134432
AR65K7A1187FB4DAA4,Beyoncé,0.6120673
AR12F2S1187FB56EEF,Aerosmith,0.6111175
AR12F2S1187FB56EEF,Aerosmith,0.6107315
ARM7C1Q1187FB471C8,Bullet For My Valentine,0.60948116
AR9C8IE1187B9ACC99,System of a Down,0.6092621
ARW1MUW1187FB4D5A1,3 Doors Down,0.60884905
ARFVYJI1187B9B8E13,Pearl Jam,0.6079718
AR1ABAO1187FB531E1,Alice Cooper,0.60779274
AR03BDP1187FB5B324,Bob Sinclar,0.6072573
ARX9YIP1187B98A656,RUN-DMC,0.60663015
AR10USD1187B99F3F1,Silverstein,0.60550714
ARAXU5Z1187B98FECD,Gorillaz,0.6051912
ARH6W4X1187B99274F,Radiohead,0.6046669
ARL6FF81187FB5A916,Panic At The Disco,0.60465515
ARYJSY01187B9B7C65,Dolly Parton,0.6038765
AR01W2D1187FB5912F,3OH!3,0.60332453
ARNXNH81187FB52EB5,Baby Bash,0.60211545
ARXSABJ1187FB3C336,Deftones,0.60172975
AR4L4WQ1187FB51996,The Prodigy,0.6014365
ARSPUJF1187B9A14B8,Death Cab for Cutie,0.6014272
ARD39VZ1187B9B9A57,Lloyd Banks,0.60118735
AR13CXU1187B9AD30A,The Clash,0.60118604
ARR9XGB1187B9912E6,Boyz II Men,0.60118496
AR8RXRI1187FB4104B,The Roots,0.6002825
ARPBTRI1187FB52457,The Game,0.59985954
ARLSF8H1187B9A76B0,Dimmu Borgir,0.59960264
ARY53RR1187B9AE485,Avril Lavigne,0.59859675
AR0KBXO1187B996460,Slipknot,0.5985554
ARK9TRQ1187B99C095,Nine Inch Nails,0.5984585
ARSW5F51187FB4CFC9,Alice In Chains,0.5978672
ARWD25M1187FB4C563,Amy Winehouse,0.59677565
ARDQ9AP1187B9BA3F6,Killswitch Engage,0.5963503
ARNDL191187FB51583,Jimi Hendrix,0.5950694
ARJA1841187FB3A029,David Bowie,0.59473383
ARZQ7QA1187B9AD08B,Prince,0.59462786
ARSE5NP1187B9B98AB,Twista,0.59380835
AR74Q3R1187B9B24C3,Nightwish,0.59362435
AROBHK51187B9AD82B,Funeral For A Friend,0.5934731
AR3JMC51187B9AE49D,Backstreet Boys,0.59261495
ARMOHN71187FB3959F,Atreyu,0.5924395
AR9O98A1187FB39621,The Strokes,0.5917447
ARLHO5Z1187FB4C861,Beastie Boys,0.591628
AROBHK51187B9AD82B,Funeral For A Friend,0.5904493
ARCJKV91187FB46210,KT Tunstall,0.5898562
ARCE0H01187B9AF741,Rage Against The Machine,0.5890868
AR23C041187FB4D534,50 Cent,0.58865
AR9C8IE1187B9ACC99,System of a Down,0.5879167
ARNDL191187FB51583,Jimi Hendrix,0.58786917
AR9O98A1187FB39621,The Strokes,0.5871941
ARWX5TK1187FB4CDBE,The Who,0.58703965
ARMI8BW1187FB57B2E,Kiss,0.5867299
AR6892W1187B9AC71B,Placebo,0.58643335
ARN7POH1187B9B301E,Jessica Simpson,0.5860862
ARIRCA31187FB58E84,The Maine,0.5858676
AR9W3X91187FB3994C,Phil Collins,0.5848369
ARUGU0E1187B9B30F6,The Doors,0.5841166
ARWD25M1187FB4C563,Amy Winehouse,0.5837326
ARWK5QH1187B9A9B7F,Justin Timberlake,0.58353084
ARQATWU1187B98EE26,Ill Nino,0.58314705
ARYVO9V1187B9B1FC6,Franz Ferdinand,0.5830223
ARSW5F51187FB4CFC9,Alice In Chains,0.58292156
ART4QZC1187FB51612,Janet Jackson,0.5825753
ARA3I0J1187FB57869,Blink-182,0.5823464
ARR1R5V1187FB4D234,The All American Rejects,0.5822056
ARAN38V1187FB4C4EE,The Almost,0.5815058
AR74Q3R1187B9B24C3,Nightwish,0.5803453
ARF6ZTO1187FB3684F,Story Of The Year,0.58009505
ARAIABB1187B9AC6E2,Seal,0.58001316
ARNLO5S1187B9B80CC,Van Halen,0.57998896
AR1RMYB1187FB5A59E,Incubus,0.57944196
ARWA6NT1187FB3F15C,The Cure,0.57899356
AR040QX1187FB4CFE1,Alexisonfire,0.57893354
ARN7POH1187B9B301E,Jessica Simpson,0.5787908
AR9W3X91187FB3994C,Phil Collins,0.5783016
ARM0P6Z1187FB4D466,Arctic Monkeys,0.5770759
ARE8GLF1187FB52532,Red Hot Chili Peppers,0.5769038
AR11YQ81187FB3C654,Dixie Chicks,0.5769023
ARKZXSQ1187B9AC9F3,Joy Division,0.57629466
ARE8GLF1187FB52532,Red Hot Chili Peppers,0.576202
ARTAFV91187B9BA17C,Stone Temple Pilots,0.57619655
ARZ96PB1187B98F5C9,Jars Of Clay,0.5755012
ARJA1841187FB3A029,David Bowie,0.5749214
AR3MSAN1187B98F06B,OutKast,0.57449704
ARMQHX71187B9890D3,Mastodon,0.5742747
AR5OH2Z1187B9A46A9,Iggy Pop,0.5735545
AR1XA631187FB57662,Ruben Cossani,0.5726647
ARF0W6Z1187B9AC325,Cradle Of Filth,0.5725833
ARG9CID1187B9AB010,Taking Back Sunday,0.572374
AR2XI6G1187B9AE7DA,Fat Joe,0.57202786
ARYVO9V1187B9B1FC6,Franz Ferdinand,0.57137656
AROSI8L1187B9ACD43,Ice Cube,0.5702372
AR4YKRO1187B9B7829,The Red Jumpsuit Apparatus,0.57019204
ARAZCWP129462A97F1,Bob Marley,0.5701065
AROBSHL1187B9AFB01,A Day To Remember,0.56924
ARD2NDU1187B99B615,Dropkick Murphys,0.5684918
ARBEBBY1187B9B43DB,Tom Petty,0.5683505
ART4QZC1187FB51612,Janet Jackson,0.5682014
AR7C6G11187B9B4C1E,Jennifer Lopez,0.56788915
ARDF8K01187FB37200,Wolfmother,0.56697154
ARGKD4W1187B990E04,Brenda Lee,0.5669124
ARSG7NQ1187FB57482,Fall Out Boy,0.5666229
AR8B7SK1187FB5322E,Pat Green,0.5661384
AR8BUVM1187FB4D94D,Belle & Sebastian,0.56504565
ARN5L1O1187FB4D955,Eyes Set to Kill,0.56496924
ARCP94M1187B9B0F56,Every Time I Die,0.56485575
AR40GSU1187FB3AA01,Neil Diamond,0.564006
ARGO67V1187B9968D2,Saosin,0.56376374
ARGMGHN1187B9B4213,Gym Class Heroes,0.56340355
ARDT9VH1187B999C0B,Emery,0.5633669
ARHTHC01187B9B6D2A,Michael McDonald,0.5633627
ARUF32D1187B9B157E,Soilwork,0.5628811
AR9NA5G1187B98F460,The Raconteurs,0.56283474
ARBNXYA1187FB51C50,Daddy Yankee,0.5625067
AR966X21187B9AC463,Paul Simon,0.5624327
ARIZODP1187B9AD272,Bryan Ferry,0.5618305
AR7C6G11187B9B4C1E,Jennifer Lopez,0.56091267
ARHRY5S1187B99B96F,Static-X,0.56081975
AR4B3RX1187B9A868A,Alexandre Desplat,0.5603808
ARMRCET1187FB52049,Fergie,0.5602055
ARS86AJ1187B9B4225,Janis Joplin,0.55992585
ARMBTFC1187FB56343,Korn,0.55829835
AROSI8L1187B9ACD43,Ice Cube,0.55775565
ARQ05GM1187B990512,A Static Lullaby,0.5575625
ARJ45QE1187FB423B8,Ultimate Tracks,0.55740833
ARN6M7I1187FB4DEAF,A Skylit Drive,0.5569106
ARY55LO1187B9A3F17,Three 6 Mafia,0.5564774
ARAEX7Y1187FB42D36,Toni Braxton,0.5559688
ARNRPI31187B9AC699,The Crystal Method,0.55574167
AR7Y6JX1187FB4D9B3,Bad Brains,0.55541456
ARUZRFN1187B98AC05,Bone Thugs-N-Harmony,0.55513835
AR2FAMK1187FB4CF60,AFI,0.5549385
ARPFHN61187FB575F6,Lupe Fiasco,0.55463326
ARG8DXO1187B9AF743,Less Than Jake,0.5545643
AR06EB01187FB40150,NOFX,0.5542915
ARM0P6Z1187FB4D466,Arctic Monkeys,0.5536612
ARM9Q581187B98E984,Kinky,0.55359626
ARV8T9T1187B99F3F4,Amorphis,0.55356616
ARBUOOR1187B997391,Oasis,0.55339366
ARZJ4MI1187B9AF5AF,Reel Big Fish,0.5531689
ARIK43K1187B9AE54C,Lionel Richie,0.553072
AR6G4V01187B9AD086,Queens Of The Stone Age,0.55241334
AR9YWMS1187FB43A34,Dinosaur Jr,0.5515525
ARM7YQQ1187B9A84E7,Blondie,0.55141515
ARM6HLK1187FB427F0,Talib Kweli,0.55101645
ARA1UU51187FB5A70B,Misfits,0.550991
AR6XPWV1187B9ADAEB,Foo Fighters,0.55076206
AR1OBRC1187FB59AD4,Behemoth,0.55042285
AR9AWNF1187B9AB0B4,Kenny G,0.55021256
AR49IQD1187FB37EA7,Xzibit,0.55021226
ARYN2M61187B995BD6,Juanes,0.54976124
ARKCYJV1187FB392E9,Set Your Goals,0.5497497
AR2H1J41187FB5C640,Danny Elfman,0.549446
ARD3LXU1187B9ABFC5,Sex Pistols,0.5492044
ARXDQJB1187FB57154,Faithless,0.5485337
ARH9HS41187FB5BC6F,New Found Glory,0.5482282
ARA1UU51187FB5A70B,The Misfits,0.5482219
AR7Q0O91187FB4DBE7,Plies,0.54794043
ARHUC691187B9AD27F,The Mars Volta,0.5477641
ARJG2ID1187B9A767E,The Jam,0.5477463
ARO2U2Q119B86692A8,Fleet Foxes,0.54760903
ARQ76LG1187B9ACD84,Black Flag,0.54750675
ARRDRI71187FB46EAA,Band Of Horses,0.54724365
ARK3PWH1187B9A441D,Showbread,0.5467452
AR7GUNF1187B990CCF,Between The Buried And Me,0.54654515
ARPKATM1187B9B76E6,Hatebreed,0.54638374
ARUJZFJ1187B9B135F,Shania Twain,0.5463261
ARXBOZ01187FB38261,Howie Day,0.5460542
ART4EPR1187FB38772,Eno,0.5459755
AROF4LP1187FB41C51,Selena,0.5458659
AR5N8VN1187FB37A4E,Soundgarden,0.5457891
ARAKARO1187B9A1EB6,George Michael,0.5457307
ARLUF1T1187FB3603B,Ricardo Arjona,0.545572
AR5LZJD1187FB4C5E5,Britt Nicole,0.5444463
ARHU9211187B9B7E0E,Fort Minor,0.5444146
ARNHMFD1187FB3B3F6,LL Cool J,0.5443219
ART3O5Z1187B9AB043,Stevie Ray Vaughan,0.5442575
AR4FGSF1187FB528BE,Mat Kearney,0.5439582
AROY6XW1187B991121,Steve Vai,0.54395443
ARVZDOM1187B9B49C9,Barry Manilow,0.54370606
AR4WHYC1187B9896E7,A Tribe Called Quest,0.5436811
ARAPH9U1187B9B34F0,Randy Travis,0.5432255
ARZYPLF1187FB45B9B,Rooney,0.5426019
ARG3UX61187B9AC05A,D.O.W.N.,0.542534
ARA3VJJ1187FB3F5A6,Shelby Lynne,0.5425021
ARP7ILI1187B9AE9F7,Phantom Planet,0.5423951
AR4GAFY1187B9B639D,B.B. King,0.5422899
ARTYXQC1187B9ACAB2,Shaggy,0.5421752
ARF84A41187B9A34E7,Rancid,0.54205465
ARMAC4T1187FB3FA4C,Nora,0.54188895
AR2W4T81187FB410A7,David Gilmour Featuring Richard Wright,0.5416563
ARW9QSZ1187FB4B93E,George Harrison,0.5416025
AR2O3B51187B98CD94,Cece Winans,0.5408326
AR2UQQ51187B9AC816,Gipsy Kings,0.5406307
ARBUOOR1187B997391,Oasis,0.54021645
ARROQSO1187B9AEB80,Talking Heads,0.54015774
AR3FE581187FB3F90A,DJ Clue / Fabolous Sport,0.54000777
ARBCUNV1187B98A9FB,Busta Rhymes,0.5396443
AR050VJ1187B9B13A7,Dead Kennedys,0.5392454
ARLUAK21187B9B785A,Ziggy Marley And The Melody Makers,0.53849113
ARBGWMW1187B9AEA3E,Savage Garden,0.5380703
ARI7DOB1187FB37AA4,Bloc Party,0.5377996
ARBOG0H1187B99F775,MxPx,0.5376756
ARVML631187B99E90D,The B-52's,0.5375372
ARTSGR41187B9912C6,W.A.S.P.,0.5372672
AR58JT11187B9AF4CC,Carpenters,0.5372095
ARGNLJL1187B9AB503,Point Of Grace,0.5371063
ARLZLMN1187B9AD1CB,The Cars,0.537002
ARJCOPY1187FB5C315,K'Naan,0.53686225
ARUKN9H1187B9B71C8,The Black Crowes,0.5364
ARG53231187FB3982D,The Starting Line,0.5363512
ARIH5GU1187FB4C958,Silverchair,0.53622
ARWD3OC1187FB3A666,Cut Copy,0.5361735
AR38I491187B9B2F2D,Lil Boosie,0.53589106
ARWA8AH1187FB3FC84,Hot Chip,0.53576314
ARKZJ301187FB521B2,Lily Allen,0.5354084
ARQOATR1187B9AE959,Jane's Addiction,0.53516304
ARLHO5Z1187FB4C861,Beastie Boys,0.53450394
ARRXG5Y1187B9AA016,G Unit feat. 50 Cent,0.5344297
ARCHKD91187B9A0A42,The Ronettes,0.53388554
ARVBP9K1187FB48254,Cancer Bats,0.53384274
AR65OLD1187FB5C103,P.O.D.,0.53308535
ARVBRGZ1187FB4675A,Gwen Stefani,0.53280354
AR9S8551187FB3EA81,Trentemoller,0.5325727
ARYML1P1187B9AF39B,Devo,0.53244585
ARDBSFT1187B9AC9C1,Fountains Of Wayne,0.5322662
ARZXTEY1187B9997A7,Juelz Santana,0.53143674
AR7ZI7Z1187B98BF55,Mago de Oz,0.53141177
AR1CB5G1187B9AFB8E,Electric Light Orchestra,0.5313993
ARASYMJ1187B9ACAF2,Whitesnake,0.53130335
ARFSPOV1187B9B2363,Basement Jaxx,0.5312133
ARYOPH81187B98AEED,Converge,0.5311571
AR9I1L41187FB37F0E,Harry Connick_ Jr,0.5310502
ARFN2TE11A348EFFB4,David Cook,0.5307721
AROG07L1187FB4C826,Boards of Canada,0.53033036
ARZ33PH1187FB52F58,Kat DeLuna,0.53032196
ARZKUQF11F4C8456E8,The Moody Blues,0.5302628
ARHI20L1187FB4C997,Jeff Beck,0.52999586
ARJ6GR01187B98D64D,Lonestar,0.5299151
AR0D6EL1187B9AF46B,Eazy-E,0.52945346
ARPNY981187B9ACB75,Eluveitie,0.5292587
ARJ7SQ31187B9AF432,Billy Bragg,0.5291959
ARUYVDC12086C11D5C,Fever Ray,0.529167
ARWLV931187B9B0F5A,Evergreen Terrace,0.5291659
ARH8B5X1187FB3B6C0,Skeletonwitch,0.52903956
AR0XSOO1187B9B9E88,Buzzcocks,0.5287952
ARMBTFC1187FB56343,Korn,0.52870995
ART62WC1187FB47E80,Jim Jones / Chink Santana,0.528615
AREHK7O1187B9ADDD7,The Cardigans,0.52830225
ARPUEAL1187FB57814,Gov't Mule,0.5275486
ARPNY981187B9ACB75,Eluveitie,0.527493
AR1N3PB1187B9B25C1,Andres Calamaro,0.5273682
AR7JBP41187FB3EA8A,Gene Clark,0.52706635
ART3KT21187FB450DC,Ennio Morricone,0.52684695
ARDZQ5U1187B9ADEAE,John Fogerty,0.52654904
ARJV0U41187B9AB715,All Time Low,0.5264582
ARNDB1X1187B990AA0,Suicidal Tendencies,0.52618253
ARGK9MB1187FB37402,MIMS,0.52499497
ARYBGMF1187FB4D82C,Berlin,0.5244772
ARZXLZD11E2835CEA7,Jason Michael Carroll,0.52446723
ARX2DLI1187FB4DD03,The Presets,0.52444947
ARUSOMY1187FB4D3B4,Anti-Flag,0.524379
ARFM7OI1187B990C49,Tonic,0.52431893
AR3SPD91187B9B63E3,Héroes del Silencio,0.52406335
ARDGB6U1187FB3AD07,Eurythmics,0.5236991
AR2VLIP1187B99F897,All Shall Persih,0.52356166
AR58ZXX1187FB572F2,Kardinal Offishall / Keri Hilson,0.5228223
AR8ZQ9T1187FB56FE5,Goldfinger,0.5222779
ARLGOUD12298900ACE,Major Lazer / Vybz Kartel / Afrojack,0.5222519
ARNHHIV1187FB4EA23,New Order,0.52204794
AR6XPWV1187B9ADAEB,Foo Fighters,0.5218432
ARL3VGT1187FB40E8E,Los Fabulosos,0.52172667
ARJ5FD21187FB43F12,Mavado,0.5207841
AR2SGQW1187B9B9E7C,KRS-One,0.5204896
AR1ZKBE1187FB53629,Kraftwerk,0.5204121
ARSL5SP1187B9A7AE0,N.W.A.,0.52040786
ARL635X1187B990092,Charlotte Gainsbourg,0.5200497
ARIMZQZ1187B9AD541,Thrice,0.51996547
ARCEAJY1187FB4DF61,Fuel,0.519953
ARL5BEN1187B98E4D9,Jah Cure,0.51963687
ARUQ6301187FB54EBA,Salt-N-Pepa,0.5192881
AR5BBK81187B990027,Matt Redman,0.5191987
ARPVMJZ1187FB48D2D,Willie Colon,0.5191201
ARTXGGI1187B9B3D58,Blackalicious,0.5187841
ARW9LQ31187FB4336D,Drop Dead_ Gorgeous,0.5183992
ARWZSFC1187FB567BF,Eddie Money,0.5183716
ARANIJI11F4C83EFD2,Toots & The Maytals,0.51799023
AR7N7MI1187FB46935,Sade,0.51734227
ARPKK761187FB4D53C,The Ataris,0.51732856
AR039B11187B9B30D0,John Williams,0.51729804
ARMD6JB1187FB3B0E7,Die Fantastischen Vier,0.5172593
ARK0BT61187B9ACEC2,Monster Magnet,0.5171705
ARYF20K1187B9B76BD,George Lopez,0.5169637
ARYVGP31187B9A531A,John Mellencamp,0.5167711
AR5OB9M1187FB52F29,Darryl Worley,0.51676404
ARSZX2G1187B98FCCF,Korpiklaani,0.5166586
AR3Q48J1187FB55278,The Rapture,0.51653516
ARAVWPR1187FB4736D,Mac Dre,0.51646435
ARGEZ5E1187FB56F38,Audio Adrenaline,0.5162344
ARZRR0M1187FB3EE0A,Sub Focus,0.5155976
ARMB95F1187B9B5B93,Cam'Ron,0.5153253
ARMHMPG1187B9A9A4A,The Wreckers,0.51505834
ARUWB5W1187B98D7A1,Ensiferum,0.5148499
AR6I54S1187FB48C6B,Patty Griffin,0.5145234
ARVXV1J1187FB5BF88,Foals,0.51452255
ARLWEID1187B98DE3C,Chucho Valdés,0.51451325
AR3TITY1187B99E790,Dwayne_ Gyptian,0.5142064
ARYKCQI1187FB3B18F,Tesla,0.5134633
AREKO1L1187B997EFE,The Radio Department,0.5133392
AR3USQW1187FB4A90D,Bebo Norman,0.5133001
AR1Q25M1187B9B0D73,De La Soul / MF Doom,0.51306564
ARZBOES1187FB40178,Carlos Baute,0.5128121
AREMPZY1187B9B8FF3,David Banner,0.51245564
ARGFFA01187B9A2D11,Pennywise,0.5122292
AR035N21187FB3938E,BT,0.51222676
AR0JPOG1187FB37383,Lyrics Born,0.51219726
ARJGQJD1187B997A00,It Dies Today,0.5115768
ARZTSYB1187FB54987,Rainbow,0.5115462
ARHPPJK1187B9AC897,Teenage Fanclub,0.5115264
AR82DJK1187B991107,The Pharcyde,0.51113045
ARSHZBZ1187B98A445,Joe Bonamassa,0.51105434
ARICCN811C8A41750F,Ya Boy,0.51061755
AROHMXL1187B9AF4B2,Yung Joc,0.51049006
ARIWB161187B9AA1D5,Simon & Garfunkel,0.510325
AREPD8D1187FB3F5BC,Sister Hazel,0.5098787
ARW2U4O1187FB4408B,Andrew W.K.,0.509456
ARYXOV81187B99831D,Seventh Day Slumber,0.5092431
ARTE9CG1187B99B1AF,DMX,0.5088132
ARJ1W5M1187FB458F3,Sweet,0.5085583
AR219DK1187FB4CEFC,ATB,0.5081771
ARYO9BU1187B9ADA88,Porcupine Tree,0.5079658
ARXGWNG1187FB503A5,Ini Kamoze,0.50796217
ARBM4TC1187FB5CE98,Natalie Cole,0.5077817
ARTBQTE1187B9B8A0F,Candlebox,0.507625
ARWPYQI1187FB4D55A,Rick Astley,0.50746423
ARB6OGR1187FB4D43D,M83,0.50711554
ARG9E8O1187B99AB4F,Bury Your Dead,0.50680476
ARSZ6MA1187FB43D29,The Notorious B.I.G.,0.5065453
ARCNOK81187B98CA3F,Buju Banton,0.50588316
ARWR6RK1187FB3AB52,From Autumn To Ashes,0.50545317
ARIW1BH1187FB4C94A,Architecture In Helsinki,0.5051816
AR6CFZ71187B99AE5B,He Is Legend,0.5050124
ARXPDRB1187B9AD0B1,Patti Smith,0.5049644
ARKNOZU1187FB5A371,Phil Vassar,0.50485516
AR0O3AV1187FB4D030,Agnostic Front,0.50430775
ARML8X41187B990644,Simple Minds,0.5033625
ARXPE571187FB4AFD0,Rickie Lee Jones,0.5031516
ARHD3RX1187FB3A7DA,Steel Pulse,0.5029746
ARNDBEM1187B9A2918,Turisas,0.5028488
AR5ZVJ91187B99083A,Soulwax,0.5018259
AR01VU31187B997DA0,Grand Funk,0.50159705
AREGV3K1187B9AF614,Mötley Crüe,0.5013606
ARPTZO31187B9AB533,Dishwalla,0.5011355
ARWC1WN1187FB516CE,Eric B. & Rakim,0.5009464
AR3793X1187FB50CB3,Chris Rea,0.50069135
ARJ8PZJ1187B99314F,Aiden,0.50045913
AR0B9V01187FB55276,Jeremy Fisher,0.5004502
AREV2491187B9B017E,Mobb Deep,0.5001193
AR4C6V01187FB3BAF4,Moonspell,0.4998263
ARTZ90C1187FB55D81,Jimmy Wayne,0.4990184
ARD5K161187B9AC784,Orbital,0.49866888
AR198711187B9AD09F,Simply Red,0.49856362
ARBFQ7L1187B9ACD48,The Velvet Underground,0.49849796
ARQOC971187B9910FA,The Verve Pipe,0.49839532
AR5J8XN1187B9B712E,Extreme,0.49771145
ARGIABO1187FB4B3B5,Ronnie Milsap,0.4976905
ARRWAD71187FB3FE44,Martha Wainwright,0.49756873
ARLE1JH1187B9B630B,Zbigniew Preisner,0.49754408
ARHUQUF1187FB382E6,T-Bone,0.49730492
ARHR5BC1187B9AC348,Eagles Of Death Metal,0.4971974
ARLR9U31187B9A71AD,Iggy And The Stooges,0.49705097
ARS6KFB1187FB59B12,K.I.Z.,0.49678302
ARYCCQX122BCFCC4E4,Cavo,0.49676785
ARSX6IX1187B9B640C,Big Star,0.49650812
ARN0DMU1187FB5B63A,Daryl Hall & John Oates,0.49638113
AROOKC21187B9AE85C,Missy Higgins,0.49635142
ARBQPXY1187B98D67B,Kris Kristofferson,0.49622434
ARJVTRE1187B9959C0,Foghat,0.49612334
ARGXIE31187FB55B48,Tech N9ne,0.49607134
ARKCTSM11F4C83C839,Columbia Symphony Orchestra;Igor Stravinsky,0.49576634
AR9SU0S1187FB53D0F,Easy Star All-Stars,0.49572936
ARF3FBD1187FB40B90,Little Brother,0.49552304
ARNMWP51187FB3E963,Curtis Mayfield,0.4953067
ARXRK5A1187FB3EAC6,Jaguares,0.49438122
ARJBWQI1187B9B17D1,Trivium,0.49420685
ARWI92K1187B98A5CC,Jets,0.49403766
AR557N41187FB3E67F,Swallow The Sun,0.49381444
AR26X1C1187B9B0A1B,Conway Twitty,0.49371108
ARUHYH21187B98BA89,The Tragically Hip,0.49362943
ARXWAQQ1187B9AE954,Redman,0.49356684
ARODFDS1187FB57348,Sergio Mendes,0.49278116
ARYRDLN12592CDBB85,V V Brown,0.4921879
ARVWIEH1187B9B39B5,This Is Hell,0.49213222
ARF1Q9B1187B9ADCC7,Lit,0.4918358
ARBM57Q1187B9AF97C,James Horner,0.4918287
AR82DJK1187B991107,The Pharcyde,0.49146888
ARDSWIE1187FB39056,Gang Starr,0.49117896
ARWGLPE1187FB3E54C,Crowbar,0.49109945
ARDQ62L1187FB56FF0,Blue October,0.49076867
AR0IVSA1187FB4F069,Helmet,0.49007958
AR336PG1187FB3DC6E,Oceansize,0.49003446
ARD44H211C8A422686,This Or The Apocalypse,0.4898126
ARXQZPD122988F57B8,Molesta Ewenement,0.4895687
AR8CT8U1187FB4D803,Dexy's Midnight Runners,0.48945826
AR261YW1187FB374B3,Warrant,0.4891498
ARPGTHP1187B9AC284,Temple Of The Dog,0.4889442
ARN2ZKL1187FB3972B,The Distillers,0.48853612
AR5BX3Y1187FB39E93,Slightly Stoopid,0.48833898
ARXJJSN1187B98CB37,Bebe Winans,0.48818138
ARPQ4Z01187FB3A736,Butthole Surfers,0.48801985
AR7DBMA1187FB516B1,The Knife,0.4878484
AR1SQSG1187B9AC782,Kent,0.48759565
AR6G6G01187B9B1637,Unearth,0.487407
ARF3HEO1187B9AF2F4,Donnie McClurkin,0.487203
ARR6MOS1187B994C51,Mando Diao,0.4868254
ARBHBE91187B9A1F58,Jonny Lang,0.48678303
AR0OQPL1187B9B549A,Kirk Franklin,0.4863705
AR5LE4K1187FB4C3BE,John Hiatt,0.4860724
AROKDJ41187B9A7700,Mindless Self Indulgence,0.48588145
AR5DXUU1187B9B0E42,Falco,0.4857816
ARKAL321187B9AD4BE,The Gathering,0.48568237
AR12EOE1187FB3AE26,The Pineapple Thief,0.48519826
ARCLFWR1187B9AE7B2,Fun Lovin' Criminals,0.48487672
ARDPFGP1187B98A58A,Concretes,0.48412472
ARWVVVP1187FB52F31,Mark Wills,0.4830353
ARQVZ7F1187FB57CC9,Twenty 4 Seven,0.482491
AR1VWD91187FB4CE99,The Animals_ Sonny Boy Williamson,0.4824868
AR9YS621187FB5AC07,The Clark Sisters,0.48243225
AR4IWYN1187FB47DF6,Strata,0.48229882
ARTW7I31187B9A4CA9,!!!,0.4821311
ARD8JVH1187FB4DA04,Bad Company,0.4821
ARO5T1P1187B9AC680,Lou Reed,0.48197585
ARUI8651187B9ACF52,John Cale,0.48165587
AR2FSX31187B98E3EF,Ricky Martin,0.48142692
ARJUNZD1187B9A5DAE,Herb Alpert And The Tijuana Brass,0.48136905
ARVUN5F1187FB4CCC7,Beenie Man,0.4813393
AR8H87D1187FB3A841,Glen Campbell,0.48102424
ARPTC8L119B340323E,Chuck Wicks,0.48081246
AR02IU11187FB513F2,Tito Puente,0.48072478
AR4PQ891187FB5CA9F,Dionne Warwick,0.4805752
ARE3LP51187B9ACD29,Leann Rimes & Brian McFadden,0.47999346
ARYOW7G1187FB373D0,Marc Broussard,0.4797654
ARODBRG1187FB3FD99,Nick Cave & The Bad Seeds,0.47940767
AREUMQS1187FB3AC8F,Fabri Fibra,0.47930896
ARS1OWB1187B99EEAD,New York Dolls,0.47930846
AR87K371187FB5AA8E,Uriah Heep,0.47920457
AR6W5MS1187FB3BF47,Little Feat,0.4791875
AR223M11187B9ADDD6,Marty Robbins,0.479046
ARUMGZN1187FB37125,Slick Rick,0.47898573
ARISHTQ1187FB3E6F0,Ben E. King,0.47878006
AR62MPO1187FB46421,David Benoit,0.4785322
AR2NJG71187FB5203E,Roni Size,0.47849074
ARRJ3UC1187FB579D7,Wyclef Jean,0.4778893
ARDL38Z1187B9B9FB5,Dntel,0.477799
AR6F6I21187FB5A3AA,Aesop Rock,0.47731087
ARSC6WR1187FB40B18,Peggy Lee,0.47726038
ARGCY1Y1187B9A4FA5,Gloriana,0.47722518
ARH9GD41187FB37E0F,Stephen Marley,0.47717884
AR0B3RS1187FB48F5D,Why?,0.4770198
ARGLOWN1187B99C06D,North Mississippi Allstars,0.47695506
AR93WAA1187FB42116,Cassie,0.47680336
ARDEC2A1187B9A460E,Chimaira,0.47676086
ARANOZN1187B9B373E,Descendents,0.47655937
ARGBR4I1187B99D073,Mudhoney,0.4763891
AR60KPK1187B9A7552,Beneath The Sky,0.47630018
ARYNSN31187FB4C573,Bizzy Bone,0.47625417
AR2SMD91187B9B0582,Mighty Mighty Bosstones,0.4759413
ARWJAQ81187FB46F73,Negura Bunget,0.4758343
AR2KSTE1187FB57A36,Petra,0.47539306
ARO3SS31187FB3729C,GWAR,0.47508565
ARJFBZ41187FB560A0,Black Sheep,0.4747958
AROKAO61187FB38105,Four Tet,0.47442818
ARKCAKL121318C569E,Erik Hassle,0.47424772
AR2BG0R1187FB398C3,Dax Riggs,0.47391844
ARMPRI31187FB4F7D9,Falling Into Place,0.4737005
ARCEOW71187B9A5A71,B.A.D.,0.47363666
AR6CLFP1187B9ACB94,Daniel Johnston,0.4736132
ARVY1W51187B9AF4F7,99 Posse,0.4735449
AR9DO2O1187FB53637,ColdWorld,0.4731331
ARNNQBT1187FB437C1,Belphegor,0.4730832
ARYECDK1187FB45587,The Stranglers,0.47274828
ARYGXKQ11E2835CE3B,Styles P,0.47267073
ARW5IF01187B9AEA98,Sugar Ray,0.47251296
ARBZHTB1187FB3A725,Aaron Watson,0.47249547
ARXI7WU1187FB4D75E,Tinariwen,0.47245178
ARO0QD41187FB3AB0A,Keb' Mo',0.47228122
AR5M4GN1187FB3F2F6,Bruce Robison,0.47186995
ARO5P0H1187FB5BAD7,Pepper,0.4714932
AR7U5BZ1187B997FFC,Keep Of Kalessin,0.47144186
AR69GPS1187B99E556,SUMO,0.47136205
AR3THYK1187B999F1F,Joa~o Gilberto,0.47122434
AR7W7Z01187B998286,Dark new Day,0.4711707
ARKLA8V1187B999B68,Baroness,0.4711267
ARZ8KO81187B9B1B7C,Burt Bacharach,0.47079024
ARP96FM1187B9AEA77,Semisonic,0.47070038
ARLNY561187B9B0355,Noisettes,0.4701078
AROU5DG1187FB562B5,Shapeshifters,0.46996513
AROIIF91187FB4F2D5,Dead Prez,0.4695139
ARD0FN11187B9B25CD,Bobby Darin,0.46942592
ARSL3N21187B98DFC5,Klaus Badelt,0.46934038
ARWHM281187FB3D381,Souls Of Mischief,0.46917742
AR0ILWV1187FB47CAA,Mouth Of The Architect,0.46905598
ARC70XM1187FB4D5B0,Free,0.4686046
ARA7YDA1187B9A5776,PATSY CLINE & WILLIE NELSON,0.46851146
ARX134S1187FB46E56,Scott Matthews,0.46846256
ARGPFYP1187B98F5CB,The Highwaymen,0.46824685
AR658OS1187FB5C451,Rachael Lampa,0.4681939
ARLF0QY1187FB4FDCC,Heavenly,0.46815875
AR91DZT1187FB4C599,Frost,0.46803254
ARFNJ4O1187B9A204B,Broadcast,0.46788552
ARWVOHH1187FB5974B,Screamin' Jay Hawkins,0.46756545
AR05OJD1187B9B99A6,Ol' Dirty Bastard,0.467552
ARWYVP51187B98C516,The Suicide Machines,0.46753845
ARED2DG1187FB3CB4D,Tantric,0.46713352
AR56P361187B9AC4DB,Gary Moore,0.46711066
AR4R1FL1187FB55C3B,Death From Above 1979,0.467071
ARP7AOI1187FB518B4,Mum,0.46699128
ARKMIBT11F4C8430D9,The Antlers,0.4669467
ARBJSO81187B9BA09B,Soda Stereo,0.466827
ARNE16X1187B9B2DEE,Jimmy Cliff,0.4667842
ARQXR6R1187FB46FD6,Soul Asylum,0.46677563
AR7TTS41187B9B42D3,R.L. Burnside,0.46662888
AR6JVK31187FB58FE3,Eiffel 65,0.4665098
AR4SOKG1187B98D2B0,Geier Sturzflug,0.46639442
ARLIIVS1187FB5583B,Philip Glass,0.4662243
ARJMUEZ1187B98D16E,Danger Danger,0.46615827
ARUZS6L1187FB50A56,Dave Weckl,0.466154
AR7G5I41187FB4CE6C,Adam Ant,0.46598342
ARXX9J41187B9AE4D0,King Diamond,0.46554267
ARQI60P1187FB464C9,The Ocean,0.46549967
ARW0Z9V1187B9A0699,Peter Tosh,0.46549237
ARRBTUP1242077FA75,Taking Dawn,0.465489
ARJ2PMY1187FB5B563,Burning Spear,0.46527022
ARQPT7O1187B9AAF4F,The Sensational Alex Harvey Band,0.46496642
ARHZCG01187B99E4DE,Stanley Clarke,0.46488625
ARP7DLV1187FB4EF07,Pretty Boy Floyd,0.46478647
ARNBIUE1187FB3E846,Benga,0.46473607
ARTL6FB1187FB4EAA7,Kool Keith,0.4645503
AR6HFW21187B9A8922,Kill The Client,0.464547
ARO3XZQ1187FB39351,Cobra Killer,0.46452546
ARJ45SE1187FB44AD1,Winds Of Plague,0.464518
ARJ9B1V1187FB4DD1F,Kid Sister,0.46451753
AR1NJEP1187FB4F4C1,22-20s,0.4642775
ARXB4TY1187FB5AA25,P.O.S,0.4641888
AR4BDNG1187FB44870,Robert Palmer,0.4641864
AREZMPH11F4C83B364,Everly Brothers,0.4641565
ART8F8O1187B9A538D,Herbert  von Karajan,0.46415243
AR1CD5Z1187B98F2C2,Pat Metheny,0.4639795
AR5O6W51187FB46984,SNAP!,0.4639001
AR7SF1N1187B9A91D1,John Berry,0.46377173
ARUHT3M1187FB44FB4,Delirious,0.46375778
ARQCFI11187FB5AE43,George Jones,0.46367386
ARP72BU1187B99CD9A,Who Made Who,0.4636081
AR0N8D61187FB3D0D6,Kaizers Orchestra,0.46339145
AR1RNCJ1187FB3D227,Fastball,0.46326402
ARH1LE01187B98D68D,John Debney,0.46319285
AR8SRQ31187FB4D477,Ten Years After,0.46311834
AR681HS1187FB5BBFE,David Lynch,0.46302506
ARKKPRW1187FB4D81E,Equilibrium,0.46301776
AR4R9BI1187FB44767,Earth,0.462964
ARQIAEA1187FB4F9F9,Laidback Luke & Diplo,0.4625375
ARAQOK81187B98DD4A,Ginny Owens,0.46251506
ARCEEC91187B9AC4FB,Alexander O'Neal,0.46236783
ARZVTZN1187FB579D4,Jim Reeves,0.4621901
AR4Y1BM1187B99A1EF,Deitrick Haddon,0.46167964
AR5MK521187B98E0B8,Heaven 17,0.46155846
AR286CH1187B9B8441,James Ingram,0.46152622
ARVJVFF1187B9B40D6,Al Di Meola,0.4615172
AR6LOPL1187FB4DABE,Mirah,0.46136937
ARA7EEC1187FB4C392,Snowgoons,0.46134585
AR71A931187B99CDD9,Harry Gregson-Williams,0.4612458
ARCSHVZ11C8A41575B,Take It Back!,0.46123067
ARXGASQ1187FB3C727,Camp Lo,0.4611948
AR2S4CA1187B99632E,FFH,0.46102652
AR0CDSK1187FB52ED6,Asleep At The Wheel,0.461023
ARH312K1187FB3F1D4,Beogradski Sindikat,0.46087512
ARV1RMI1187FB48F94,Arkona,0.46085316
ARW071B1187B9A603C,Unwritten Law,0.46084347
ARGS67J1187FB3FC1A,Righteous Brothers,0.46070367
ARRI5MR1187FB47CAB,Esperanza Spalding / Leo Genovese,0.46051574
ARML7XL1187FB43F59,Boondox,0.46045655
ARN2C4X1187B9B363C,Jack Off Jill,0.46038958
ARORFTD1187B99F7D4,Epitaph,0.45980942
ARTDBI61187FB48479,Marvin Sapp,0.45966545
ARXP7MQ1187FB3AC5F,Dave Hollister,0.45966047
ARIKE5O1187B997E73,Mississippi Mass Choir,0.4596296
AR6AGJV1187FB504BA,Kitaro,0.45938742
ARTWPGO1187FB52DC3,Elephant Man,0.4591892
ARRNO111187B9B3FC9,Galactic,0.45898727
ARJS05S1187FB58F3A,Spongebob Squarepants,0.45893556
AR3THYK1187B999F1F,João Gilberto,0.4587382
ARS4KT21187B9B9438,Fito Paez,0.45873082
ARRPOUR1187FB4D0BA,Aceyalone,0.45869702
AR3VSHF1187B9B3002,Flame,0.4586464
AR1ZYLH1187B98C159,Naughty By Nature,0.4585954
ARE0OLY1187B9AD19F,Jesse Malin,0.45859203
ARODHHS1187FB37814,The Last Vegas,0.45854917
ARV4KO21187FB38008,Del Tha Funkee Homosapien,0.45843947
AR41O131187FB51448,DJ Isaac,0.4584005
ARPYIBX1187B9B113E,At The Gates,0.45837772
ARV8LAR1187FB3DE2A,Dokken,0.4582932
AREMOC71187B996C2F,Lara Fabian,0.45821074
ARUVPCM1187FB5C281,Attack Attack,0.458013
ARNNQ9E1187FB3C82F,Black History,0.45798168
AR0CANF1187B9AF35F,Dilated Peoples,0.45784116
ARHIC3Q1187B9B1773,Big Daddy Kane,0.45771152
AROJAG11187B9B71A3,The Chap,0.45761117
AR0VZWC1187B99BA57,The Berzerker,0.45755392
ARE9J081187FB4E58B,Antimatter,0.45713568
ARCLLH11187FB48DE0,Jimmie Vaughan,0.45707294
ART9G811187FB55F2D,Monika_ Wolfgang,0.45707265
ARHONG11187FB3B120,L.A. Guns,0.45694056
AROLDZG1187FB50AFB,Melvins,0.45686543
ARHUQUF1187FB382E6,T-Bone,0.4566314
ARUABHE1187B9AF820,Way Out West,0.4561824
AR392MV1187FB3C3FE,Connie Francis,0.45608053
ARLNMEP11C8A41519E,Rockabye Baby!,0.45602974
AR79TB51187B9966E2,Martin Lawrence,0.4559932
ARS6I1U1187FB468F9,Juliette & The Licks,0.45591563
ARMDBW21187FB37126,Grandmaster Flash,0.45588467
ARBD4QW1187FB42153,Scar Symmetry,0.45582598
ARIGKCK1187FB5C99B,Lightnin' Hopkins,0.45577484
ARPXDY61187B9AD0A8,Clannad,0.45576903
ARUAOGE1187B9B3D50,Fake Problems,0.45566478
ARK8OHG1187B99016A,Shadows Fall,0.4555588
AR3Q86S1187B9ADDCF,Deep Forest,0.45553774
AR3YJMO11C8A42B348,Vulture Industries,0.4554953
ART59BB1187FB3866E,Through the Eyes of the Dead,0.45547843
AROL78E1187B9B98A1,Stellar Kart,0.4549621
ARVXKTV1187FB44139,Arsonists Get All The Girls,0.4549574
ARNNHLN1187FB42912,Yahir,0.45484838
ARKZ68G1187B98B189,Gang Of Four,0.45478538
ARWD82K1187B98CFF2,Cracker,0.45471483
AR3QRJ91187B98E4C2,Jacques Dutronc,0.45454192
ARUZLXZ1187FB3BFF1,Wednesday 13,0.45436263
AR7G5I41187FB4CE6C,Adam Ant,0.45423114
ARORSBT11F50C4A96B,De La Ghetto,0.4541597
AR1JEKW1187B9ADFBE,Dead Hearts,0.45407546
AR6Z6BW1187B9ACD69,The Ruby Suns,0.4538815
ARSQDUN1187B98D7D7,EPMD,0.45385027
ARBE9XH1187B9A826F,Joell Ortiz,0.45381495
ARO41T51187FB397AB,Sasha,0.4537316
AR20BO61187B9B880E,Patton Oswalt,0.45362973
ARC6UC81187B989062,Hem,0.45343578
AROATPL1187FB48E12,UFO,0.4533991
ARYPWUK1187B98ACED,Emperor,0.4533912
ARI4SKQ1187B9B43B0,Beres Hammond,0.4533712
ARPHH7Z1187B9B6A3A,Franco,0.45327023
AR1GNFR1187B9AD1FD,The Exies,0.45325992
ARTC5DW1187B98FCF2,Plump DJs,0.4530008
ART97VL1187FB3BD45,F-4,0.45297202
AR5U94U1187FB5CDCF,John Hammond,0.45281783
AR1Y2PT1187FB5B9CE,John Wesley,0.4527895
ARAOBIZ1187FB38574,Johnny Winter,0.4523805
ARBUOMY1187B99F2EB,Messy Marv,0.45222995
AR5OH1V1187FB574C3,Kenny Wayne Shepherd,0.45210227
AR57Z841187B9B7D7D,Gregory Isaacs,0.4519986
ARXVADV12086C1203C,Gary Go,0.4519577
ARA65601187FB57BD9,Roger Sanchez,0.4516484
ARVIT0V1187B9A7CDE,Danny Diablo feat. Puerto Rican Myke,0.45157897
ARHN74X1187B98D79F,Bill Engvall,0.45157078
ARB336A1187B9A4583,MC5,0.45146605
ARMSL551187FB3F4B0,Dark Distant Spaces,0.45121923
ARFFDZU1187FB50682,Alan Silvestri,0.45077989
ART09111187FB5BF48,Ty Herndon,0.4507752
ARPNDSH1187B9B942F,Sui Generis,0.45054668
ARTKTYG1187FB40CBA,Dendemann,0.45043212
ARPKLK81187FB42AC9,Death SS,0.45012906
ARUIO0J1187FB3D7D7,Mest,0.4500934
ARNMBZY122BCFCCEB8,Modern Day Escape,0.44988698
AR4W5GR1187FB51F7E,Alacranes Musical,0.44986925
AR6GR981187FB5184A,Sheek Louch,0.44981816
AR8JSAL1187FB3CE7E,JDS,0.4497463
AR040M31187B98CA41,The Bug Featuring Ricky Ranking,0.449694
ARJFOC01187FB413A5,Delbert McClinton,0.4496687
ARLLRL61187B9B6698,The Sonics,0.4496081
ARKQ9JM1187FB57521,A.Z.,0.44960266
ARWDEEB11E2835E73C,Faces,0.4494935
AR2P71H1187B9B8C00,Kool Savas,0.44942364
AR7GOK91187FB455F5,Jean-Jacques Goldman,0.4492539
AR0N0DX1187FB41327,Talvin Singh,0.44913995
AROCBZZ11E2835D652,Small Facers,0.44905257
AREVWGE1187B9B890A,Bitter End,0.44900244
ARS03Y81187B98E6ED,Life In Your Way,0.44884035
AR0B1CH1187FB3A824,Charlie Rich,0.44866908
AR4TLW81187B99683D,Martin Sexton,0.44865346
AR7H21J1187FB40C69,Mr. Lif,0.4486291
AR1DLF21187FB3CBF0,4Him,0.4485938
ARW2DG51187B9A170F,Ana Popovic,0.44845977
ARVD9M11187FB49291,Headhunter,0.44845283
AR1ZZOW1187B99BA84,Bumblefoot,0.44840744
AR3O0021187B999BC8,Radio Moscow,0.44823322
AR7DFJP1187B992F13,Juana Molina,0.4482236
ARD842G1187B997376,Blue Rodeo,0.4479355
ARTIGQM1187B98D1F2,Ray Davies,0.44785896
ARDCQM61187B9951CE,Sneaky Sound System,0.44738603
ARHKQGH1187B9A4DB4,In Extremo,0.44733047
ARR5CEB1187FB5A3FF,Restless Heart,0.44720665
ARXUCPO12086C169A4,Frank Sinatra,0.44719973
ARI0PUX1187FB3F215,Maxi Priest,0.44689074
ARDW5AW1187FB55708,Shawn Colvin,0.44673297
AR60C3O1187FB46737,Kurtis Blow,0.44645923
ARW0YFZ1187FB442DB,Markscheider Kunst,0.44644567
ARNSAEA1187B9B908E,Cheo Feliciano,0.44636387
ARC7C241187B990F7F,Becoming The Archetype,0.44617054
ARHGGCU125FEF328D7,Nick Jonas & The Administration,0.44608393
ARRH2S81187B98C8AA,Bongzilla,0.4460716
AR1K7TQ11C8A414EC8,The Knux,0.44596943
ARC0NOU1187B9AA91D,Nick Colionne,0.44543812
ARSZIBW1187B994053,James Newton Howard,0.4453219
AR2O84Q1187FB5BF74,Salt The Wound,0.4452222
ARXGASQ1187FB3C727,Camp Lo,0.44521698
ARM1UIH1187B9A5DE8,Marco Polo,0.4450948
ARCDXI51187FB57A2E,Goose,0.44493517
ARNDTKL1187B9AF57C,Jellyfish,0.44490418
AR1072G1187FB5B351,Tabu feat. Mitzib,0.44490016
ARAI2ZO1187B9A0536,Catupecu Machu,0.44408682
ARUE3AK1187B9AC923,Neil Sedaka,0.4440257
ARMJMBJ1187B98C46F,Bug Mafia,0.44400945
ARMIMHT1187B98F038,Teena Marie,0.44393018
AR3TG3X1187FB4D577,Atari Teenage Riot,0.44387567
ARVADXJ1187B99AA96,Ace Frehley,0.44384775
AR7TTCH1187FB3F95C,Leon Russel,0.4437089
AR3KGPQ1187FB53C84,L7,0.44354755
ARGY9EQ1187B996E1A,Norther,0.4434922
ARY02GH1187B99B223,Zombie Girl,0.44339558
ARPEPWU1187FB55B71,Limbonic Art,0.4433349
AR8SBT41187B9A5FD9,Total Fucking Destruction,0.44324532
AR4SOKG1187B98D2B0,Geier Sturzflug,0.44311687
ARYG6CU1187FB3852B,Milk Inc.,0.44309893
ARS94L01187B9AD297,Nerf Herder,0.44299287
ARNDFTA125FEF32B22,Noemi,0.4429682
ARVOWE21187FB3AE3C,Enuff Z 'Nuff,0.44294894
ARORFTD1187B99F7D4,Epitaph,0.44292453
ARV1JVD1187B9AD195,Loudon Wainwright III,0.44276583
ARRXADQ1187FB38F22,The Business,0.44273928
AR2EO6H1187B9A3B92,Brian Tyler,0.44269672
AR3VSHF1187B9B3002,Flame,0.44267002
ARSTH0R1187B98951E,Moonsorrow,0.44265202
AR2ZLBH1187FB592FE,iTAL tEK,0.44243607
AR9Q3LP1187FB3D647,Soilent Green,0.44234845
AR813LR1187FB3F83A,Goldfish,0.44228578
ARCDQRB11F4C844880,G.G. Allin,0.44215378
ARGGD1E1187B98FA9D,Parachute Band,0.44194517
ARGYHUI1187B9AC2A5,Hanoi Rocks,0.44164342
AREN1A11187FB527EF,Roger Creager,0.44155908
AR41ESB1187FB360B1,Gloria,0.4415379
ARQZRQ11187B9A5918,John P. Kee,0.4413716
AR7WGYZ1187FB3CAB0,Wang Chung,0.44136658
ARTXEZN1187B9B8190,Agnes,0.44135556
ARA6H4G1187B99E2F2,Refractory,0.44129807
ARDHKHJ1187B9B62EA,Steve Wilson,0.44116983
ARALUUG1187FB58696,Irma Thomas,0.44110635
ARS755J1187B9920C6,Assassin,0.44099155
ARSEC9Q1187B98912D,Colin James,0.44086754
ARP07GD1187B9B9DA4,Los Originales De San Juan,0.440835
ARZ2DHF1187FB3F2EA,Krayzie Bone,0.4407151
AR85QTQ11A348EFF96,Brooke White,0.4406701
AR60ZZX1187FB52E29,Capone-N-Noreaga feat. Busta Rhymes and Ron Browz,0.44062412
ARNLHY61187FB3A0C0,Organ Donors,0.4406098
ARE8LV21187B9B9A6B,Shifty,0.44057754
AR3DWG81187B98E3FA,Papoose,0.44040745
AR7NNKG1187FB4AA1C,Charly Garcia,0.44037074
ART5IUL1187B9B0143,Lady Saw,0.44032606
ARJ5BEW1187FB52361,Inoki,0.4401347
ARV1ALU1187FB4D77E,Eighteen Visions,0.440108
AR4W2E01187FB416AC,Saga,0.4400565
ARGNZOL1187FB5CE7C,Fernando Ortega,0.43988052
ARU3YYC1187FB43FEE,Luis Alberto Spinetta,0.43984386
AR02YGA1187B9B8AC4,Bersuit Vergarabat,0.43983635
ARAPI451187B9B6E6F,John Michael Talbot,0.4394881
ARVVLMQ11F4C8456E4,Knack,0.439439
AR898OD1187B9A14BB,Olga Tañon,0.43929204
ARSYKGV1187B9A49CD,Nicole C. Mullen,0.43902457
AR71WYS1187FB5170D,Kelly Sweet,0.43894264
AR1IY711187B9B0B50,The Katinas,0.43893284
ARKQ6QN1187B9B016D,Photek,0.43877918
AR32JLC1187B9946AF,X-Raided,0.43870166
ARBXIDR1187B9AB77E,Avril,0.43823442
ARTBFV61187FB3C250,Johnny Horton,0.43816823
ARKE7ZQ1187FB504BB,Blackfoot,0.43798774
ARVEJ9M1187FB4DC44,Les Ogres De Barback,0.43796474
ARX9L381187B9B7265,Mac McAnally,0.437866
ARDM8331187B9B947E,Pedro Aznar,0.43773597
ARLFUII1187FB565E5,I Wayne,0.4377113
ARLCQZN1187B9AF634,Patti Smith Group,0.437591
ARZWPWP1241B9CA793,Henry Mancini,0.4374948
AR9JNFU1187B9B9868,Gal Costa,0.43746457
ARHXIOW1187FB3AF67,The Mad Capsule Markets,0.43705055
ARDK87R1187B98D51C,Flamin' Groovies,0.4370019
ARYC4561187FB4F2B1,Chatelaine,0.43697193
ARVWNTI1269FB34C59,SOJA,0.43678296
ARC0MTS1187FB44C21,Toots Thielemans,0.43676907
AR05NQH1187B98E875,Kassav',0.43673024
ARIMJFK1187FB4ED3E,Luke Vibert,0.43659934
ARKT5SH1187B9AE8BF,Murderdolls,0.43632993
ARDDTL91187B9974A7,Warren Barfield,0.43622056
AR1SYBE1187B992798,Kira,0.43604478
ARR46IW1187FB51C2E,Nicholas Hooper,0.43580827
AR68V7Z1187B9A2FCA,Polkaholix,0.43579865
ARS0W831187B9AF0B7,Maximilian Hecker,0.43568408
ARFKY7F1187FB3EFAC,Axe,0.43563375
AR93D4D1187FB3ACAD,J.J. Cale,0.4354689
ARC3EZO1187B9B9314,Angels,0.43546382
AR7ISJJ1187B9B2CD6,Danny Barnes,0.43525234
ARZ8MVL1187FB41D17,Shout Out Out Out Out,0.43523923
AR6GJDZ1187B991E46,KALIMBA,0.43514466
ARXALW01187FB4B466,Sylvia Tosun,0.4351272
ARMH10M1187FB4184F,Firehouse,0.43497604
ARXGWNG1187FB503A5,Ini Kamoze,0.43493015
AR19QNR1187B9A13C5,Cassidy,0.43492264
AR2XRFQ1187FB417FE,Julie Zenatti,0.4348596
ART70HI1187B9A37BC,Elmore James,0.43482342
ARDK6QW1187B9B8D85,U.K. Subs,0.4346969
AR7QAHN1187FB35F8B,Groucho Marx,0.43462184
ARVVZ6Q1187B98D05D,Olive,0.4346074
AR8UA7Z1187B9AD9C9,Étienne Daho,0.43454194
ARCDRLI1187FB54D58,ZTrip,0.43447655
ARFH6FT1187FB5BF47,T.O.K.,0.43434632
AR7PPJV1187FB397CC,James Taylor Quartet,0.43425333
AR3DCWS1187B9A4416,Cartel,0.43425006
ARXLMH011C8A415658,brokeNCYDE,0.43413714
ARYXJ5A1187B9B9E56,Kiril Valeri,0.4339455
AROZNFA1187B99D367,John Digweed,0.43392783
ARIPNAN1187FB3E577,Pete Philly & Perquisite,0.43378067
ARATR0U1187B9B76D0,Dead To Me,0.43372878
ARIVGZI11E2835F1FC,Bülent Ceylan,0.43372104
ARTZXUP11F4C83D65B,Crystals,0.433357
AR9OTFC11C8A415220,D.A.D.,0.43324384
AROIL3N1187B9A9975,BLEED THE SKY,0.43317303
ARHP6H31187FB4A38C,DJ Icey,0.4331266
ARD5SR21187B9B5F4A,Irwin Goodman,0.43280432
ARGDSO91187B9AAB35,Patrick Bruel,0.43275434
ARF9EI11187B9AB66C,9th Wonder,0.43269524
AR326OO1187FB444FF,Rebecca Lynn Howard,0.43266934
ARNBV1X1187B996249,Alex,0.43217257
ARGJ0911187FB4613F,Maria Muldaur,0.43205407
ARVJ0JK1187B98C9C0,The Brooklyn Tabernacle Choir,0.43201193
ARZL6CE1187FB3F264,Mindy McCready,0.43188277
AR1HK7B1187FB55747,TYR,0.4318542
ARVMPJC1187FB3B954,Pe'z,0.4318393
ARNNKDK1187B98BBD5,Jinx,0.4318249
ARWPLGU1187B9A8255,Alkonost,0.43173143
ARHJMEF1187FB415AE,Fehlfarben,0.43164855
ARSE6YI1187B9B9CD2,James Hunter,0.43152693
ARH09RT1187FB4A843,OV7,0.43144804
ARWZE8O1187B9B8480,Elmer Bernstein,0.43124217
ARQL2SZ1187B99244B,Nic Endo,0.4311598
ARI4S0E1187B9B06C0,David Arkenstone,0.43094203
ARGY9FW1187B991C7D,Information Society,0.43089762
ARSG0RY1187B98E989,The Kings,0.43088531
ARCF06I1187B995398,K-OS,0.43069705
AR60ZZX1187FB52E29,Capone-N-Noreaga,0.4305447
ARQPWTM12420783719,Ana Nikolic,0.43047413
ARRTQ3Y1187B9AC835,Scott Weiland,0.4303213
ARHBWOZ1187FB3FD53,Utopia,0.43030027
ARUIRXF1187FB45BC6,JK,0.4301069
ARNEL2O1187FB4421A,Bukka White,0.43005517
AR189B91187B9B8D9C,Cerati-Melero,0.42978027
AREY3RN1187B993C5F,Goatwhore,0.42968962
ARYA9ZH119B8668A81,Our Time Down Here,0.42968917
AR5K75Y1187B9B5F7E,Janice Vidal,0.42960158
ARSFK241187B9BA38E,Murphy Lee / Zee,0.42959192
ARAU2Q51187FB50D4C,Smiley,0.4295777
ARFONKU11F4C8431CC,Dickies,0.42954713
AR1I9KS1187B9AEFD4,SKYCLAD,0.42954507
ARPVRUC1187FB4F1DE,Pitch Black,0.42951363
ARBFDJW1187B9AD27A,The Fabulous Thunderbirds,0.4293535
ARPOWQJ1187B9A2347,Junie,0.4293273
ARL1QL91187B994B08,A Challenge Of Honour,0.42928863
ARNTQF31187B9A02FF,Tony Matterhorn,0.42927253
ARIF3EV1187B9B8522,Paul Taylor,0.42926103
ARKIYC51187FB4775A,Juice Leskinen,0.42914984
ARB5TJM1187B9A71FD,Finntroll,0.4290978
ARQ0BZY1187B99F093,Everyday Sunday,0.42898053
ARQI3OI1187B99DB1A,Götterdämmerung,0.4288631
AR4AEIP1187FB4030A,Wamdue Project,0.4288416
ARNVM131187B990D2B,themselves,0.42883453
ARNWCYY11F4C83DDBE,Movado,0.4287919
ARONPP01187B995FB5,Cockney Rejects,0.42865098
AR2EBRG1187B9B07C8,Old Man's Child,0.42844194
ARTE2FL1187FB51337,Lords Of The Underground,0.42816222
ARQPSAB1269FCD243F,Acorps de Rue,0.42792636
ARGMXQW1187FB54C34,Eliane Elias,0.42791426
AR6U7461187FB59499,Rachael Starr,0.4279037
ARXRVY51187B99E98E,Jim Bryson,0.427817
ARH24021187FB4DEA1,Black Messiah,0.4277977
AR1E4V11187B99F400,Telecast,0.4277957
AREBWEH1187B99EA9A,Beherit,0.42747924
ARRM70G1187B9A7F64,Junior Kimbrough,0.42712298
ARLPXQE1187B99066C,Bonita,0.42701533
ARA0H5U1187FB47949,2-4 Grooves feat. Reki D.,0.42694426
ARG09R51187FB4D5C2,Bryan White,0.42689267
AR6IJJ41187B98C872,Bobby Pulido,0.42685184
ARXHFWE1187FB410A9,Oh No,0.4267778
AR189B91187B9B8D9C,Gustavo Cerati,0.42664266
ARY5TFK1187B9BA2BD,John Ottman,0.4265137
ARSNTZF12454A2DF53,Corb Lund,0.4263287
AREBBGV1187FB523D2,Mike Jones,0.42631796
ARSHP5P1187B999685,Rude Boys,0.4261497
ARMW4I01187B98AEF8,Tha Alkaholiks,0.4260464
AR18SS11187FB4852B,Dope Stars Inc.,0.42603567
AR6EVQA1187B9AA1DF,Cocoa Tea,0.4260093
ARMGO941187FB3B52A,Hi-Tack,0.42576888
ARW040W1187FB51082,Les Hurlements D'leo,0.42572814
ARQVC1L1187FB440DE,Brian Littrell,0.42563248
ARLD4VD1187FB39009,Fast Eddie,0.4254546
AR0WGXC1187B9AAC99,Slum Village,0.42545062
AR2GU4Y1187B99F35E,Pescado Rabioso,0.42541787
ARKF8XU1187B9A990A,Don Davis,0.42536405
ARVLIVA1187B991590,Zeca Baleiro,0.4251262
ARYTTQW1187B9BA487,Frank Vignola,0.42498392
ARZS5VW1187FB567E8,William Orbit,0.42495307
ARNPPTH1187B9AD429,Jimmy Page,0.42494032
ARZ507V1187FB4425E,Ragheb Alama,0.42493182
ARJPZSG1187FB3E985,John Holt,0.42479125
ARR6VH41187FB46862,Novika,0.42455813
ARP23RL1187FB497FE,Ernest Ranglin / Floyd Lloyd,0.4245079
ARNEL2O1187FB4421A,Bukka White,0.4244876
ARNG61X1187B98C7DF,5 Blind Boys Of Alabama,0.4242711
ARPATQ21187B9ACAFC,Happy Mondays,0.42410827
AR01IP11187B9AF5D2,Call To Preserve,0.42397627
ARM0RY81187B9AF248,Jerry Goldsmith,0.42382565
ARQQP3Z1187FB5707B,Bert Kaempfert,0.42380846
ARBFCK11187FB4C89B,Brian Eno And David Byrne,0.4236089
ARRIIUT12131B4B784,8Ball & MJG,0.42358035
AR3SEQM1187B98E9E8,Kix,0.4235639
ARNITNO1187FB555D3,Arturo Sandoval,0.4235276
AR4FVK41187FB4BC83,Frankie J,0.4233764
ARWI6LR1187FB46E9F,Richard Galliano,0.42335612
AR31G891187FB3892D,Laid Back,0.42332342
ARJ438T1187B9AD503,Elvenking,0.42330003
ARLKAOO12406A89CB1,Vorstadtkinder,0.42323452
ARSTSEH121318C5B01,Siouxsie,0.42311794
ARZJKZR1187FB3EFC2,Big Mama Thornton with Kansas Bill and his Orchestra,0.4230706
ARHG53Q1187B9ACBFC,Alias,0.4230219
AREEJJK1187FB56DC7,Evolution,0.42284602
ARB2M051187FB56FA9,Ice-T & Chuck D,0.42272136
ARNTLGG11E2835DDB9,Clp,0.42270565
ARNLHY61187FB3A0C0,Organ Donors,0.42258766
ARX2R5A1187FB5B85B,Ann Nesby,0.42257553
AR4CG3B1187FB5B861,The Avengers,0.42251495
AR3AY3R1187FB52CF0,Tracy Byrd,0.42250746
ARTB5PP1187FB523B7,Donny Hathaway,0.42247242
AR5ZGC11187FB417A3,Big Mountain,0.42238042
AR9VEMN1187FB4D75B,Caspa,0.422364
AR31D7E1187FB3BC62,Valient Thorr,0.42224517
AR1DR0E1187FB48F61,Kathy Mattea,0.4221272
ARZCNRW11F50C4A630,Groundhogs,0.42203385
AR5WPYF1187B9B40DA,VHS Or Beta,0.42197397
ARC87OG1187B99F540,Julie Roberts,0.421596
ARKJHKX1187FB5AEE5,Buckwheat Zydeco,0.42144862
AR9XEVF1187B99D017,Borialis,0.4214151
AR06USW1187FB4EACA,The Lord Weird Slough Feg,0.42138827
AR6WICD1187B998708,Christian McBride,0.42138612
ARZH3SW1187B98C96E,Onyx,0.42128727
AR71WYS1187FB5170D,Kelly Sweet,0.42112857
AR1LG7D1187B99BAFF,Weedeater,0.4211201
ARRW6DJ1187FB50A67,Pacha Massive,0.4209455
ARU0HTX1187B98B4C6,Lisa Lynne,0.42093775
ARHL8SP1187B98F8A3,Sick Of It All,0.42080185
ARDXGVT124207832C0,Twinkle Twinkle Little Rock Star,0.42070317
ARWB3G61187FB49404,Steve Morse,0.4206926
AR2HXXS1187B9AF3E2,Jesus Jones,0.42062742
AR2PT4M1187FB55B1A,Los Chichos,0.4205703
ARVZWQ31187B9B8946,Abner Burnette,0.42041263
ARPUTNP1187B9AA71B,André Minvielle,0.42027432
ARJ1BWM1187B9B117B,Embrace the End,0.4201766
ARI0AB01187B9B7D94,Les Brown,0.4201142
ARKBCZ91187B98F486,Coco Montoya,0.42000666
ARDCE3Q1187B99D0D7,Non Phixion,0.42000106
AR8FMEN1187FB4A657,Lizzy Borden,0.41996795
ARHBYTA1187FB3C812,Luar Na Lubre,0.419861
AR0A30G1187B9B183B,M.A. Numminen,0.41977665
AR5FIDV1187FB50D40,Roger Clyne & The Peacemakers,0.41949794
ARINXZA1187FB56902,Remi Nicole,0.41946986
ARHRKTK1187B99E1D5,Jackie Wilson,0.41940814
AR8HQBB1187B99F7BB,Shai Hulud,0.41939846
ARGBNIX11F50C50A01,Anna Vissi,0.41938734
ARKN9J11187B9B210D,DJ Clue / P. Diddy,0.41926548
AR3FOK11187FB3F4EE,Seven Mary Three,0.41916358
AR342K51187B98B571,Olivier Messiaen,0.4191004
ARJGRNY11F4C847277,Twin Atlantic,0.41902804
ARKBTPV1187FB38A79,Faron Young,0.4189897
AR1WC0X1187B991056,Jefferson Starship,0.41894686
ARGQANQ11F50C4769E,Y&T,0.4188958
AR8B1WY1187FB38366,Rakim,0.4188947
ARC1E3F1187B9B9902,El Poder del Norte,0.41877472
ARKWT6J1187B98ED50,Móveis Coloniais de Acaju,0.41874108
ARTX57T1187B98F34B,Luciano,0.41873622
ARJ8ZIQ1187FB3FB5A,Milo,0.41851217
ARIIEQL1187FB5CE68,Buddy Miles,0.41842958
AR3GE071187B9A6D71,Johannes Linstead,0.4184181
ARGE4J31187B9B41EE,Sofia Karlsson,0.4183567
ARAJPHH1187FB5566A,Shangri Las,0.41821653
ARIF6IS1187B98FDEB,Primordial,0.4181931
AR8ANXA1187B98BFC3,Hellsongs,0.41818994
ARTE3P61187B9A709D,Roger Williams,0.41798228
AR9O0LF1187B99D0D1,Aisha Duo,0.41796735
ARWJHW61187B98FA8E,Papa Wemba,0.41788536
AR91GW21187FB4F642,Roger Miller,0.41787058
ARW1WST1187FB384DA,Jope Ruonansuu,0.41784614
ARK24KH1187B9B6B93,Vaselines,0.41781908
AREFFEC1187B98E12F,Digital Mystikz,0.41774532
ARF0COO1187B99B9EF,Cauterize,0.41772735
ARODFDS1187FB57348,Sergio Mendes,0.4176015
AROGWRA122988FEE45,Christos Dantis,0.41759333
ARJJRZ41187FB4C856,Floor,0.41759187
ARMJAGH1187FB546F3,The Box Tops,0.41749963
ARVJ6541187B9A4C3E,Månegarm,0.41741303
ARYJ6RP1187B9B3827,Cindy Morgan,0.41741046
ARJE0KX1187FB53E82,Energy,0.41740578
ARDGPFY1187B9A371B,Long Beach Dub Allstars,0.41735107
ARAO0RA1187FB587F2,My Little Airport,0.41717294
ARVQZNK11E2835CDAC,Archie Bell and The Drells,0.41712457
ARL62M311C8A4213F2,Katie Armiger,0.41709885
ARXK4YK1187FB4D0C4,Dub Pistols feat. Lindy Layton & Rodney P,0.4170689
ARAUQAL1187FB5B374,ISRAEL & NEW BREED,0.4170331
ARXW2MN1187B9B8817,X-Ecutioners featuring Big Pun,0.41693586
ARMLEY51187FB5BF8F,Havok,0.41687176
ARU5BXG119B86698FE,Stefano Battaglia_ Giovanni Maier_ Michele Rabbia,0.41678655
ARS6L1E1187FB585B6,Karlheinz Stockhausen,0.4167621
ARM9QAE1187B9AF687,Shaman,0.41664413
ARSCJQW1187B9B3523,Hoods,0.41661012
ARB4ZRM1187B993147,Dark Fortress,0.4165294
ARKETDZ1187B9B2566,Marlene Dietrich,0.41650394
ARQFPFK1187FB533E1,Roger McGuinn,0.41643518
ARB29H41187B98F0EF,Terry Callier,0.41617307
AR0WCZW1187B99F592,Tommy Torres,0.41601923
ARR6CVD1187FB3F2BF,David Phelps,0.41594955
ARYZV2X1187B997BE7,Chris Standring,0.41593763
ARJA5XT1187B9B89AA,David Tao,0.41589713
ARGUNFT1187FB3B140,Dave Alvin,0.4158249
ARJD6I01187FB50347,Anna Abreu,0.41574848
ARRE5MX1187B992292,Frankie Negron,0.41565603
ARV57NY1187FB3C1DC,Tommy Castro,0.4155829
ARDG9Z71187B997023,Public Image Ltd,0.4155171
AR07CRG1187FB594FA,Seventh Star,0.41549334
ARWQ3M31187FB4CF01,ARRESTED DEVELOPMENT,0.41544166
ARSS4Y41187B9B0AC6,Bobaflex,0.41540894
ARHLYXD11F50C4B49E,Bruisers,0.41535372
ARUTP601187FB388AC,The Elders,0.41530365
ARNNHLN1187FB42912,Yahir,0.41523594
ARS2W231187B99EDEC,Mase,0.4151146
ARWQQYJ1187B9ADC4C,Anubis Spire,0.4150114
AR508LN1187B996F4E,Lole y Manuel,0.41498527
AR1RHCO1187B9AF0BF,Vince Guaraldi,0.4148926
ARRHVGT1187B98D603,Dynamite Deluxe,0.41483495
ARWIN9D1187B98E544,Jason & The Scorchers,0.41478387
AREOREU1187B99AACD,Rhian Sheehan,0.41478065
ARQPT7O1187B9AAF4F,The Sensational Alex Harvey Band,0.41466737
ARXAFO11187B9AEBFE,Urge Overkill,0.41465634
ARM4WGN1187FB3C746,Kyle Eastwood,0.41463137
ARPTJHV11F4C83EF53,Mighty Diamonds,0.41460958
ARZ1PTN1187B9967D9,Gene Autry,0.41458958
AR3DYAD1187FB3964E,Chet Atkins,0.41457883
ARQ4E5R1187B9B3A3E,QBO,0.41453433
ARV91AY1187FB52E52,Love and Rockets,0.41440448
AR9OMFE1187FB3BB54,Pete Rock & C.L. Smooth,0.41439956
ARGFFF91187FB4FA62,Northern State,0.4142927
ARDDWUI1187FB379F7,Amoral,0.41427568
AR76DOS1187FB5AE78,The Jeff Healey Band,0.41423625
ARDIKTV11F43A69FA4,Deodato,0.4141965
ARNFTGS1187B9A465F,Bedwetters,0.4140795
ARC2HVM1187B98CE05,Clay Crosse,0.4140113
ARNUPIM11F4C83BD4D,Melt Banana,0.4138851
ARN3X4T1187B99EA39,Jacky Cheung,0.41377217
AR3KXHI1187FB3A8BF,Dora The Explorer,0.41375765
ARUP7CF1187FB40EEB,Abrar - Ul - Haq,0.4136655
AROTIMO1187FB532BF,DJ Quik,0.4133939
AROF8OV1187FB55B85,Pelle Carlberg,0.41329628
AR4R0741187FB39AF2,Bow Wow Wow,0.41326138
ARLAWDD1187FB48367,Carlos Vives,0.41325468
ARN5W1B1187B98BE10,Warrior King,0.41323787
ARSSR8L1187B990BC5,Joey Negro,0.41315985
ARMY5XE1187FB38AF3,Novembre,0.4130704
ARYXGST1187B991071,Uman,0.4128301
ARPGCHN1187B9A2831,Nicky B,0.41269976
AR9ODB41187FB459B2,Organized Konfusion,0.41267163
ARYVLXY1187FB373B0,Maurane,0.41261083
ARJR7S11187FB36A2A,The Forms,0.41252804
ARR9XHK1187FB3894D,Leila Chicot,0.4123907
ARVQV7Q1187FB59C5D,Little Angels,0.41229838
AROEL1B1187B988B90,Lost Boyz,0.4122406
ARWBZWU1187B98F7FB,Jimmy Herring,0.4121553
AR3OS8N1187B9A5F87,deadboy & the Elephantmen,0.41214427
ARJNRA61187FB57724,Weirdos_ The,0.41213033
ARQ3VBJ1187FB3FE55,Dario Marianelli,0.41211554
ARGEKDX1187FB3A5BF,Marcus Miller,0.4121105
ARS8KBY1187FB4BC7E,Kurupt,0.41179782
ARNQAVF11F4C844C04,Despina Vandi,0.41168895
ARSTA431187B9A3599,Dennis Brown,0.41165096
ARASJQK1187FB5B9D1,Buddy Jewell,0.41160858
AR531IG1187FB59B35,Back Door Slam,0.4115458
ART9GX11187B9B0EDC,Super700,0.41149542
ARV2V751187FB4330F,Rah Digga (Featuring Outsidaz),0.41144815
ARNSTES1187FB4FC9B,Shinehead,0.41136414
ARHAEXZ1187FB54F3C,N.E.R.D.,0.41129524
ARGOLWM1187B98CEDE,Commissioned,0.41121852
AR35YUO1187B9AD83E,Wet Wet Wet,0.4111957
AR3DLBB1187B98F3DF,The Statler Brothers,0.41095024
ARNWZ1N1187B9B71BA,Handsome Boy Modeling School,0.4108508
ARSWXNX1187FB3D04E,Chango Spasiuk,0.41084158
ARD1C9K1187FB3F742,Pariah,0.41079682
ARS2KW51187B9B556E,X,0.41074356
AR88F5X1187FB3EA17,Loretta Lynn,0.41054112
ARFKYG51187FB4CE41,April Wine,0.4104772
ARCT5P61187FB3D950,The Impressions,0.41024742
ARN1SGT1187B9AC5A4,Inner Circle,0.4100797
ARNZPLV1187FB3DF5D,Capleton,0.4100536
ARUGX5X1187FB468C4,Dino,0.4098184
AR9JLBU1187B9AAEC4,Danny Williams,0.409779
AR1WU211187FB57E2B,Terry Riley,0.40976262
AR97V5X1187FB4AE98,Deep Blue Something,0.4097294
ARIVB351187B9B485E,Porno For Pyros,0.40971267
AR02PUA1187FB52574,Delta 9,0.4095506
ARAA88L1187B9A29C1,Bodies In the Gears of the Apparatus,0.40951872
ARK9W051187FB4B783,Zombina & The Skeletones,0.40948427
ARAHQDS1187FB55275,Maysa,0.4094649
AR21EJD1187FB3B9A9,Beto y sus Canarios,0.4094136
ARVEZFH1187B9A6F9C,Dominic,0.4093054
ARR2TI31187FB380FE,The Field Mice,0.40929213
ARLGLI61187FB4693E,Ghost Machine,0.4092809
ARY0XD81187FB5CF38,Mustafa Sandal,0.40924802
ARH0NCL1187B99B41A,Quadro Nuevo,0.40924463
ARM5JLS1187FB3615B,Tammy Wynette,0.40919605
ARXHDZ81187FB43F80,Adrienne Pierce,0.40919265
ARJDMBO1187B9AD118,Johnny Osbourne,0.40913486
ARE9SYU1187B9B9838,Jerry Reed,0.40902776
AROSGVP1187B9B011F,The Clancy Brothers,0.40895584
ARY8LJ11187FB4019B,Floyd Cramer,0.40886173
AR4CH531187FB4EA21,Abysmal Dawn,0.40880108
ARPU5CQ1187FB4469F,Art Ensemble Of Chicago,0.40879
ARE9Y761187B98AEB6,Mint Condition,0.4087071
ARP32X81187B99EBF5,Vanessa Bell Armstrong,0.40864682
ARV8DLF1187B9A4C7C,The Mighty Clouds Of Joy,0.40863472
ARZTGQE1187FB461D9,Ideal,0.40848523
ARVBG53119B8668924,Sub Swara,0.40842488
ARVMGEJ1187B98E672,Opiate For The Masses,0.40841994
ARSYOWS1187FB41157,The Rascals,0.4080918
ARB9WJ11187B98BF17,Steve Smith,0.4079247
ARUME5Q1187B9B1AA7,Kristine W.,0.40789846
ARJIWJH1187FB3F6B9,Elvin Bishop,0.40788797
ART6QCS1187FB40CBD,Los Auténticos Decadentes,0.40782157
ARIKFQP1187B99A246,Stille Volk,0.40760258
AR2VROU1187FB532D7,The Token,0.407539
ARC5Q0L1187B98D463,Enter the Haggis,0.40738684
ARI4NXX1187FB59DF2,Raze,0.40737316
ARJRRJZ11F50C47E95,Big Rich,0.4073648
AR2MEUK1187B992D1B,Jeff Scott Soto,0.40734428
AREZWC61187FB52DCF,Johnny Nash,0.4072839
AR4OMY81187B9B31E7,Cursed,0.4072397
ARGRMG41187B99AB1E,Toby Emerson,0.40718985
AR07QYZ1187FB5BF78,Letters To Cleo,0.4067571
ARU24791187B996E24,Prisma,0.4067492
ARDI88R1187B98DAB2,Foxy Brown,0.4066861
AR6UVLC1187B9B4D4C,Suzi Quatro,0.40664265
ARM4J201187B9B8B3B,Gustavo A. Santaolalla,0.40662622
ARO7FES1187B9A59BE,M.I.K.E.,0.40659148
ARI4RPW1187B9B862D,Hermeto Pascoal,0.40658292
ARVMFE61187B992463,Darwin Hobbs,0.40658167
ARWONOR1187FB3817C,Geddy Lee,0.40651786
ARMR44C1187FB433D2,Penguin Café Orchestra,0.40650824
ARN5MQ11187B98A12D,2-Gether feat. Sarinah,0.40643173
ARLI9NJ1187B9911FB,Vodka Collins,0.40640965
ARBX0VO1187B98A412,Zebra,0.4063676
ARIEIJW1187B98F6DD,Oliver Kalkofe,0.40619874
AR4BSBD1187B9ACD3A,One Block Radius,0.40609267
ARVNK831187FB48831,Shakedown,0.40606254
ARKL75U1187FB5B8B6,BoDeans,0.40596735
AR1H4F51187B9946A5,Sunidhi Chauhan / Anu Malik / Jatin Sharma,0.40576702
ARMZSTW1187B99DC0D,Jericho,0.40574896
ARYFAT91187B99FEF5,Tigertailz,0.40567213
AR3O66A1187FB39519,Sinch,0.40565777
ARXK6E71187FB4AA1E,The Cliks,0.4056571
ARQDWBG1187B9891D7,Zeromancer,0.405619
ARYYTAY1187B9B5F9D,Paloalto,0.4055962
ARNLHY61187FB3A0C0,Organ Donors,0.40549842
AR6KNZ01187B9A35D1,Justo Almario,0.4053608
ARWSCGO1269FCD5E49,Hef feat. Big2 & Dio,0.40535408
ARKULSX1187FB45F84,Trafik,0.405352
ARJ9DSA1187B990E00,John And The Bluesbreakers Mayall,0.4052347
AREOGMA1187B9908EF,Hot Tuna,0.40517837
ARWRS4D1187FB3FCD4,Elakelaiset,0.40514344
ARHK7A51187FB411D8,Roy Rogers,0.40508035
ARY80281187FB3E380,Sandi Thom,0.4050313
ARWWYK211C8A415AD4,Micachu,0.40502545
AR0J0OD1187FB3AFB5,The Scare,0.40491003
ARPBNLO1187FB3D52F,Tiny Tim,0.40489733
ARDNQ0R1187B9BA1EF,Lonnie Johnson,0.40482712
ARYYCVC1187B9A8510,Bessie Smith,0.40479806
ARNHTNJ11ECC836DAF,Smash Palace,0.40470886
AR4GJ3V1187FB4245B,Zapp,0.40466464
ARQ30G91187B9B8C12,Steinski,0.40457523
ARG4KW31187FB51B7C,Atomic Rooster,0.40456653
AR8W8DN1187FB35ED0,The Germs,0.40439263
ARJV9031187B9AAFA1,Kyle Riabko,0.40421137
ARMM7T01187B9B31E0,Frank Caliendo,0.40420157
ARCFOZ71187FB43A0D,The Dirty Skirts,0.4041822
ART1R9I1187B9B3324,Margaret Becker,0.40415767
ARVI9KK1187B9AACB4,Jan Wayne,0.4041169
ARS2FUA1187B9ADABF,Indigenous,0.40405273
ARAH4TU1187FB51D28,Bill Laswell,0.40403974
ARO31HI1187B9A12E4,Original Love,0.40379485
AR1QXAQ1187FB47FAC,Sticky Fingaz,0.40378425
AR70C8A1187B99B56D,Papp'os Blues,0.40368903
ARAJ5XN1187B9B578B,Jimmy Johnson,0.40368295
ARXHWL31187FB476F4,unloco,0.403602
ARZFRQM1187B9A9772,Vanessa Daou,0.40358824
ARCZ20M1187FB49687,Tony Joe White,0.40350968
AR81BPV1187B9AED0E,The Fire Theft,0.40349028
AR2MD2P1187FB5B328,Marshall Crenshaw,0.40325046
AR8Q4RZ1187FB46BDC,T-Bone Walker,0.40319797
ARXRMXD12086C1309C,Jean-michel Rotin,0.4030661
ARYIQQN1187FB55196,Blessid Union Of Souls,0.4030322
ARUEYGC1187FB3D94B,The Chi Lites,0.4030008
ARBPRTL11F4C83CB05,Oak Ridge Boys,0.4028358
AR2VJMU1187B9947AF,Donna Fargo,0.4026278
ARS8HNI1187B9B0785,Cachao,0.4026268
ARJ3DXR1187FB4F879,Dirty Harry,0.40259433
ARO9XCZ1187B99C255,Nolwenn Leroy,0.40258324
ARPISA41187FB3DE42,Humble Pie,0.4024959
ARYW3V11187B99C8C9,Georgia Satellites,0.40246192
AR6OTKA1187B9B6697,32 Leaves,0.4023911
ARDP3WW1187FB3D28C,Sue Foley,0.4022031
AR37XMN1187B9AC408,Lighthouse Family,0.40216705
ARA8O8L1187B9AD61D,Professor Longhair,0.4020549
AR9XZPA1187B9AC7D4,Spectra Soul,0.40204412
ARFQ7RR1187FB3CC0A,Badmarsh & Shri,0.40203387
ARD7TVE1187B99BFB1,Casual,0.40199754
ARMYKRB1187B98CFF0,Cowboy Mouth,0.40199253
ART703V1187FB4FD63,Operator,0.4019364
AR3Q3QT1187FB396E7,Sanna Nielsen,0.40173498
ARJ66JQ1187B99D2FF,Wordsworth,0.40173435
ARXR32B1187FB57099,Gob,0.40172368
AR8I87E1187FB57E2E,Andrae Crouch,0.40146205
AR6PMJQ1187B9B9655,3 Steps Ahead,0.40135422
ARUTS6Y1187FB5BDAB,Twila Paris,0.40123913
ARHHNN41187B98B4D5,Miranda Lee Richards,0.40120965
ARDK0551187FB5AC48,Blind Willie Johnson,0.40114474
ARHNCQ31187B9915DC,Los Cisnes,0.40109846
ARW9SN11187FB52D0D,City High,0.40109026
ARNFLMN1187FB50BB3,Chroma Key,0.40105972
ARH0ZIQ1187B99EC94,Cotton Candy,0.40105066
ARHYNR9119B8668FA3,The Oh Sees,0.40095213
AR6KB411187FB40C09,Hubert Kah,0.4008794
ARFAX4X1187B9A89CB,Beautiful Creatures,0.40083206
ARPAAPH1187FB3601B,Bacilos,0.40070522
AREU6JB1187B9911D4,Virtuoso,0.4006243
ARFJD5L1187B9A30BA,Los Van Van,0.40051794
ARADC5W1187B993322,Dottie Rambo_ The Whites,0.40045047
ARNTTHK1187B98FF64,Andy & Lucas,0.40038776
ARI2G3D1187B98D8A0,Extrabreit,0.4003066
ARTXNYR12802FDE977,ZombieSuckers,0.4002372
AR49A9P1187FB3BBBF,Saigon Kick,0.40022177
AR07VS41187FB37944,Mungo Jerry,0.4002113
ART35UC1187FB4CC25,The Flies,0.40020806
ARPZIIA1187FB4CB9F,Eldar,0.40018556
AR6TZJQ1187B9AD572,Pierre Boulez,0.4001077
